source,opt,n,chunk,threads,rep,primes,time_s,avg_cpu_mw,energy_j,log_s
omp_dynamic,O0,1000000000,1000,1,1,50847534,10.103829,4701.7,47.505,11.52
omp_dynamic,O0,1000000000,1000,1,2,50847534,10.132854,4677.2,47.393,11.08
omp_dynamic,O0,1000000000,1000,1,3,50847534,10.279016,4643.9,47.734,11.29
omp_dynamic,O0,1000000000,1000,2,1,50847534,6.963360,6849.6,47.696,7.89
omp_dynamic,O0,1000000000,1000,2,2,50847534,6.933490,6800.5,47.151,7.89
omp_dynamic,O0,1000000000,1000,2,3,50847534,6.931554,6828.4,47.332,7.89
omp_dynamic,O0,1000000000,1000,4,1,50847534,5.883699,8693.7,51.151,6.80
omp_dynamic,O0,1000000000,1000,4,2,50847534,5.859243,8754.1,51.293,6.80
omp_dynamic,O0,1000000000,1000,4,3,50847534,5.816444,8820.2,51.302,6.79
omp_dynamic,O0,1000000000,1000,8,1,50847534,5.573707,8330.9,46.434,6.48
omp_dynamic,O0,1000000000,1000,8,2,50847534,5.566479,8347.6,46.467,6.48
omp_dynamic,O0,1000000000,1000,8,3,50847534,5.564522,8348.6,46.456,6.48
omp_dynamic,O0,1000000000,10000,1,1,50847534,10.201931,4694.7,47.895,11.19
omp_dynamic,O0,1000000000,10000,1,2,50847534,10.185637,4719.1,48.067,11.09
omp_dynamic,O0,1000000000,10000,1,3,50847534,10.178386,4717.1,48.013,11.09
omp_dynamic,O0,1000000000,10000,2,1,50847534,6.958405,6779.6,47.176,7.89
omp_dynamic,O0,1000000000,10000,2,2,50847534,6.972110,6808.7,47.471,7.89
omp_dynamic,O0,1000000000,10000,2,3,50847534,7.028062,6782.4,47.667,8.00
omp_dynamic,O0,1000000000,10000,4,1,50847534,5.189941,9407.6,48.825,6.16
omp_dynamic,O0,1000000000,10000,4,2,50847534,5.170905,9455.9,48.895,6.15
omp_dynamic,O0,1000000000,10000,4,3,50847534,5.182325,9464.5,49.048,6.15
omp_dynamic,O0,1000000000,10000,8,1,50847534,5.689302,8188.4,46.586,6.59
omp_dynamic,O0,1000000000,10000,8,2,50847534,5.677339,8208.9,46.605,6.58
omp_dynamic,O0,1000000000,10000,8,3,50847534,5.645251,8223.4,46.423,6.58
omp_dynamic,O0,1000000000,100000,1,1,50847534,10.198681,4722.9,48.168,11.19
omp_dynamic,O0,1000000000,100000,1,2,50847534,10.204200,4709.4,48.056,11.20
omp_dynamic,O0,1000000000,100000,1,3,50847534,10.186792,4698.3,47.861,11.09
omp_dynamic,O0,1000000000,100000,2,1,50847534,7.219662,6545.2,47.254,8.20
omp_dynamic,O0,1000000000,100000,2,2,50847534,7.259858,6537.2,47.459,8.19
omp_dynamic,O0,1000000000,100000,2,3,50847534,7.268307,6546.2,47.580,8.20
omp_dynamic,O0,1000000000,100000,4,1,50847534,6.211269,8062.4,50.078,7.20
omp_dynamic,O0,1000000000,100000,4,2,50847534,6.241140,8126.1,50.716,7.22
omp_dynamic,O0,1000000000,100000,4,3,50847534,6.205767,8100.2,50.268,7.17
omp_dynamic,O0,1000000000,100000,8,1,50847534,5.957714,7632.8,45.474,6.95
omp_dynamic,O0,1000000000,100000,8,2,50847534,5.916637,7666.7,45.361,6.84
omp_dynamic,O0,1000000000,100000,8,3,50847534,5.974475,7625.8,45.560,6.95
omp_dynamic,O1,1000000000,1000,1,1,50847534,6.176859,3849.8,23.779,7.55
omp_dynamic,O1,1000000000,1000,1,2,50847534,6.153873,3808.2,23.435,7.12
omp_dynamic,O1,1000000000,1000,1,3,50847534,6.148332,3832.0,23.560,7.12
omp_dynamic,O1,1000000000,1000,2,1,50847534,4.362172,5504.8,24.013,5.35
omp_dynamic,O1,1000000000,1000,2,2,50847534,4.676440,5312.0,24.841,5.68
omp_dynamic,O1,1000000000,1000,2,3,50847534,4.688597,5313.2,24.912,5.67
omp_dynamic,O1,1000000000,1000,4,1,50847534,3.590953,7615.7,27.348,4.52
omp_dynamic,O1,1000000000,1000,4,2,50847534,3.579862,7614.9,27.260,4.51
omp_dynamic,O1,1000000000,1000,4,3,50847534,3.602034,7614.9,27.429,4.52
omp_dynamic,O1,1000000000,1000,8,1,50847534,3.486301,7411.4,25.838,4.44
omp_dynamic,O1,1000000000,1000,8,2,50847534,3.510474,7386.2,25.929,4.44
omp_dynamic,O1,1000000000,1000,8,3,50847534,3.496922,7401.3,25.882,4.44
omp_dynamic,O1,1000000000,10000,1,1,50847534,6.161079,3792.9,23.368,7.12
omp_dynamic,O1,1000000000,10000,1,2,50847534,6.159473,3809.3,23.463,7.12
omp_dynamic,O1,1000000000,10000,1,3,50847534,6.156009,3822.0,23.528,7.12
omp_dynamic,O1,1000000000,10000,2,1,50847534,4.000903,5667.9,22.677,4.92
omp_dynamic,O1,1000000000,10000,2,2,50847534,4.010900,5718.6,22.937,4.92
omp_dynamic,O1,1000000000,10000,2,3,50847534,4.014581,5670.0,22.763,4.92
omp_dynamic,O1,1000000000,10000,4,1,50847534,3.661632,8039.7,29.438,4.62
omp_dynamic,O1,1000000000,10000,4,2,50847534,3.577953,7516.5,26.894,4.53
omp_dynamic,O1,1000000000,10000,4,3,50847534,3.565367,7502.8,26.750,4.52
omp_dynamic,O1,1000000000,10000,8,1,50847534,3.528384,7251.0,25.584,4.45
omp_dynamic,O1,1000000000,10000,8,2,50847534,3.516630,7276.2,25.588,4.46
omp_dynamic,O1,1000000000,10000,8,3,50847534,3.715345,7092.1,26.349,4.69
omp_dynamic,O1,1000000000,100000,1,1,50847534,6.159647,3811.3,23.477,7.12
omp_dynamic,O1,1000000000,100000,1,2,50847534,6.188140,3982.8,24.646,7.11
omp_dynamic,O1,1000000000,100000,1,3,50847534,6.162378,3873.0,23.867,7.11
omp_dynamic,O1,1000000000,100000,2,1,50847534,4.899843,5009.4,24.545,5.88
omp_dynamic,O1,1000000000,100000,2,2,50847534,4.884183,4999.5,24.419,5.88
omp_dynamic,O1,1000000000,100000,2,3,50847534,4.853266,5049.5,24.507,5.77
omp_dynamic,O1,1000000000,100000,4,1,50847534,4.393326,6324.3,27.785,5.38
omp_dynamic,O1,1000000000,100000,4,2,50847534,4.142882,6542.8,27.106,5.05
omp_dynamic,O1,1000000000,100000,4,3,50847534,4.505052,6274.2,28.266,5.50
omp_dynamic,O1,1000000000,100000,8,1,50847534,4.381282,6173.0,27.046,5.32
omp_dynamic,O1,1000000000,100000,8,2,50847534,4.004359,6509.4,26.066,4.98
omp_dynamic,O1,1000000000,100000,8,3,50847534,4.257898,6306.9,26.854,5.22
omp_dynamic,O2,1000000000,1000,1,1,50847534,5.912697,3750.4,22.175,7.35
omp_dynamic,O2,1000000000,1000,1,2,50847534,5.926731,3671.1,21.758,6.91
omp_dynamic,O2,1000000000,1000,1,3,50847534,5.904983,3724.4,21.993,6.90
omp_dynamic,O2,1000000000,1000,2,1,50847534,4.156700,5390.2,22.406,5.14
omp_dynamic,O2,1000000000,1000,2,2,50847534,4.151868,5396.0,22.403,5.14
omp_dynamic,O2,1000000000,1000,2,3,50847534,4.150478,5423.0,22.508,5.14
omp_dynamic,O2,1000000000,1000,4,1,50847534,3.342354,7659.3,25.600,4.31
omp_dynamic,O2,1000000000,1000,4,2,50847534,3.335586,7683.7,25.630,4.31
omp_dynamic,O2,1000000000,1000,4,3,50847534,3.333592,7814.0,26.049,4.31
omp_dynamic,O2,1000000000,1000,8,1,50847534,3.227183,7512.2,24.243,4.24
omp_dynamic,O2,1000000000,1000,8,2,50847534,3.218170,7511.5,24.173,4.13
omp_dynamic,O2,1000000000,1000,8,3,50847534,3.218046,7513.7,24.179,4.13
omp_dynamic,O2,1000000000,10000,1,1,50847534,5.932294,3669.4,21.768,6.91
omp_dynamic,O2,1000000000,10000,1,2,50847534,5.933834,3668.7,21.769,6.91
omp_dynamic,O2,1000000000,10000,1,3,50847534,5.918492,3702.1,21.911,6.91
omp_dynamic,O2,1000000000,10000,2,1,50847534,4.411070,5154.1,22.735,5.37
omp_dynamic,O2,1000000000,10000,2,2,50847534,3.778523,5660.4,21.388,4.72
omp_dynamic,O2,1000000000,10000,2,3,50847534,3.748115,5592.1,20.960,4.72
omp_dynamic,O2,1000000000,10000,4,1,50847534,3.280641,7579.4,24.865,4.21
omp_dynamic,O2,1000000000,10000,4,2,50847534,3.296215,7674.3,25.296,4.21
omp_dynamic,O2,1000000000,10000,4,3,50847534,3.289616,7581.2,24.939,4.21
omp_dynamic,O2,1000000000,10000,8,1,50847534,3.236927,7351.5,23.796,4.24
omp_dynamic,O2,1000000000,10000,8,2,50847534,3.321608,7263.3,24.126,4.25
omp_dynamic,O2,1000000000,10000,8,3,50847534,3.254490,7340.6,23.890,4.25
omp_dynamic,O2,1000000000,100000,1,1,50847534,5.859860,3686.9,21.605,6.80
omp_dynamic,O2,1000000000,100000,1,2,50847534,5.918995,3662.9,21.681,6.91
omp_dynamic,O2,1000000000,100000,1,3,50847534,5.906446,3682.3,21.749,6.91
omp_dynamic,O2,1000000000,100000,2,1,50847534,4.505011,4971.2,22.395,5.46
omp_dynamic,O2,1000000000,100000,2,2,50847534,4.382427,5029.7,22.042,5.36
omp_dynamic,O2,1000000000,100000,2,3,50847534,4.689584,4948.2,23.205,5.68
omp_dynamic,O2,1000000000,100000,4,1,50847534,3.839885,6560.1,25.190,4.74
omp_dynamic,O2,1000000000,100000,4,2,50847534,3.946065,6504.5,25.667,4.85
omp_dynamic,O2,1000000000,100000,4,3,50847534,3.945449,6530.0,25.764,4.94
omp_dynamic,O2,1000000000,100000,8,1,50847534,3.792898,6475.3,24.560,4.76
omp_dynamic,O2,1000000000,100000,8,2,50847534,3.798818,6444.5,24.482,4.75
omp_dynamic,O2,1000000000,100000,8,3,50847534,3.936558,6361.9,25.044,4.87
omp_dynamic,O3,1000000000,1000,1,1,50847534,5.879571,3740.8,21.994,7.35
omp_dynamic,O3,1000000000,1000,1,2,50847534,5.911880,3658.2,21.627,6.91
omp_dynamic,O3,1000000000,1000,1,3,50847534,5.835889,3705.7,21.626,6.80
omp_dynamic,O3,1000000000,1000,2,1,50847534,4.177857,5414.2,22.620,5.14
omp_dynamic,O3,1000000000,1000,2,2,50847534,4.158928,5401.4,22.464,5.14
omp_dynamic,O3,1000000000,1000,2,3,50847534,4.476590,5252.9,23.515,5.46
omp_dynamic,O3,1000000000,1000,4,1,50847534,3.292906,7746.3,25.508,4.21
omp_dynamic,O3,1000000000,1000,4,2,50847534,3.350813,7696.2,25.789,4.31
omp_dynamic,O3,1000000000,1000,4,3,50847534,3.282802,7791.2,25.577,4.20
omp_dynamic,O3,1000000000,1000,8,1,50847534,3.250771,7479.2,24.313,4.23
omp_dynamic,O3,1000000000,1000,8,2,50847534,3.225028,7507.8,24.213,4.13
omp_dynamic,O3,1000000000,1000,8,3,50847534,3.215480,7519.0,24.177,4.12
omp_dynamic,O3,1000000000,10000,1,1,50847534,5.931157,3673.4,21.788,6.91
omp_dynamic,O3,1000000000,10000,1,2,50847534,5.926634,3657.5,21.676,6.91
omp_dynamic,O3,1000000000,10000,1,3,50847534,5.850157,3665.4,21.443,6.81
omp_dynamic,O3,1000000000,10000,2,1,50847534,3.783392,5555.9,21.020,4.72
omp_dynamic,O3,1000000000,10000,2,2,50847534,3.734447,5614.3,20.966,4.71
omp_dynamic,O3,1000000000,10000,2,3,50847534,3.745602,5608.2,21.006,4.72
omp_dynamic,O3,1000000000,10000,4,1,50847534,3.281753,7588.1,24.902,4.21
omp_dynamic,O3,1000000000,10000,4,2,50847534,3.292602,7582.6,24.966,4.21
omp_dynamic,O3,1000000000,10000,4,3,50847534,3.284412,7613.0,25.004,4.20
omp_dynamic,O3,1000000000,10000,8,1,50847534,3.254703,7338.3,23.884,4.25
omp_dynamic,O3,1000000000,10000,8,2,50847534,3.270623,7334.1,23.987,4.25
omp_dynamic,O3,1000000000,10000,8,3,50847534,3.236700,7347.4,23.781,4.13
omp_dynamic,O3,1000000000,100000,1,1,50847534,5.855774,3697.7,21.653,6.80
omp_dynamic,O3,1000000000,100000,1,2,50847534,5.926725,3665.5,21.724,6.91
omp_dynamic,O3,1000000000,100000,1,3,50847534,5.949419,3666.0,21.810,6.91
omp_dynamic,O3,1000000000,100000,2,1,50847534,4.368264,5038.3,22.008,5.36
omp_dynamic,O3,1000000000,100000,2,2,50847534,4.369331,5049.0,22.061,5.36
omp_dynamic,O3,1000000000,100000,2,3,50847534,4.478177,4994.9,22.368,5.46
omp_dynamic,O3,1000000000,100000,4,1,50847534,4.184402,6299.4,26.359,5.18
omp_dynamic,O3,1000000000,100000,4,2,50847534,4.165361,6299.2,26.238,5.07
omp_dynamic,O3,1000000000,100000,4,3,50847534,4.057936,6402.4,25.981,5.07
omp_dynamic,O3,1000000000,100000,8,1,50847534,3.806116,6405.6,24.381,4.78
omp_dynamic,O3,1000000000,100000,8,2,50847534,3.850482,6370.3,24.529,4.79
omp_dynamic,O3,1000000000,100000,8,3,50847534,4.030889,6208.2,25.025,4.99
omp_guided,O0,1000000000,1000,1,1,50847534,10.196787,4776.7,48.707,11.74
omp_guided,O0,1000000000,1000,1,2,50847534,10.184150,4721.0,48.079,11.09
omp_guided,O0,1000000000,1000,1,3,50847534,10.198514,4722.9,48.167,11.19
omp_guided,O0,1000000000,1000,2,1,50847534,7.021822,6851.6,48.111,7.96
omp_guided,O0,1000000000,1000,2,2,50847534,7.031800,6837.5,48.080,7.97
omp_guided,O0,1000000000,1000,2,3,50847534,7.100853,6850.4,48.644,8.08
omp_guided,O0,1000000000,1000,4,1,50847534,5.934452,8762.5,52.001,6.86
omp_guided,O0,1000000000,1000,4,2,50847534,5.926078,8793.8,52.113,6.87
omp_guided,O0,1000000000,1000,4,3,50847534,5.903829,8832.5,52.145,6.87
omp_guided,O0,1000000000,1000,8,1,50847534,5.617258,8395.0,47.157,6.54
omp_guided,O0,1000000000,1000,8,2,50847534,5.559338,8447.8,46.964,6.54
omp_guided,O0,1000000000,1000,8,3,50847534,5.613794,8410.1,47.213,6.55
omp_guided,O0,1000000000,10000,1,1,50847534,10.231739,4730.2,48.398,11.20
omp_guided,O0,1000000000,10000,1,2,50847534,10.195558,4717.5,48.098,11.20
omp_guided,O0,1000000000,10000,1,3,50847534,10.163874,4756.3,48.343,11.09
omp_guided,O0,1000000000,10000,2,1,50847534,7.073674,6798.4,48.089,8.07
omp_guided,O0,1000000000,10000,2,2,50847534,7.065350,6869.5,48.535,7.96
omp_guided,O0,1000000000,10000,2,3,50847534,7.054648,6809.9,48.042,7.96
omp_guided,O0,1000000000,10000,4,1,50847534,5.799188,9170.3,53.180,6.75
omp_guided,O0,1000000000,10000,4,2,50847534,5.994196,8945.6,53.622,6.97
omp_guided,O0,1000000000,10000,4,3,50847534,5.940550,8867.4,52.677,6.95
omp_guided,O0,1000000000,10000,8,1,50847534,5.488611,8595.6,47.178,6.43
omp_guided,O0,1000000000,10000,8,2,50847534,5.511336,8620.1,47.508,6.43
omp_guided,O0,1000000000,10000,8,3,50847534,5.644069,8480.5,47.865,6.64
omp_guided,O0,1000000000,100000,1,1,50847534,10.322054,4790.1,49.443,11.29
omp_guided,O0,1000000000,100000,1,2,50847534,10.299810,4828.9,49.737,11.29
omp_guided,O0,1000000000,100000,1,3,50847534,10.332980,4764.1,49.227,11.29
omp_guided,O0,1000000000,100000,2,1,50847534,7.384468,6586.0,48.634,8.38
omp_guided,O0,1000000000,100000,2,2,50847534,7.391340,6623.3,48.955,8.38
omp_guided,O0,1000000000,100000,2,3,50847534,7.376572,6648.3,49.042,8.38
omp_guided,O0,1000000000,100000,4,1,50847534,6.263681,8194.2,51.326,7.26
omp_guided,O0,1000000000,100000,4,2,50847534,6.275538,8236.5,51.689,7.26
omp_guided,O0,1000000000,100000,4,3,50847534,6.269675,8223.5,51.559,7.26
omp_guided,O0,1000000000,100000,8,1,50847534,6.009845,7796.3,46.855,6.94
omp_guided,O0,1000000000,100000,8,2,50847534,6.028273,7782.0,46.912,6.94
omp_guided,O0,1000000000,100000,8,3,50847534,6.004785,7819.4,46.954,6.94
omp_guided,O1,1000000000,1000,1,1,50847534,6.272308,3908.7,24.516,7.65
omp_guided,O1,1000000000,1000,1,2,50847534,6.275066,3836.0,24.071,7.21
omp_guided,O1,1000000000,1000,1,3,50847534,6.237039,3882.1,24.213,7.22
omp_guided,O1,1000000000,1000,2,1,50847534,4.659636,5455.3,25.420,5.66
omp_guided,O1,1000000000,1000,2,2,50847534,4.566793,5422.0,24.761,5.56
omp_guided,O1,1000000000,1000,2,3,50847534,4.766142,5310.9,25.313,5.78
omp_guided,O1,1000000000,1000,4,1,50847534,3.663626,7665.7,28.084,4.62
omp_guided,O1,1000000000,1000,4,2,50847534,3.681978,7597.8,27.975,4.62
omp_guided,O1,1000000000,1000,4,3,50847534,3.627820,7678.4,27.856,4.63
omp_guided,O1,1000000000,1000,8,1,50847534,3.569771,7473.2,26.678,4.55
omp_guided,O1,1000000000,1000,8,2,50847534,3.604774,7450.1,26.856,4.55
omp_guided,O1,1000000000,1000,8,3,50847534,3.561886,7508.3,26.744,4.55
omp_guided,O1,1000000000,10000,1,1,50847534,6.286961,3904.1,24.545,7.21
omp_guided,O1,1000000000,10000,1,2,50847534,6.270640,3847.1,24.124,7.21
omp_guided,O1,1000000000,10000,1,3,50847534,6.263909,3837.2,24.036,7.21
omp_guided,O1,1000000000,10000,2,1,50847534,4.586380,5390.3,24.722,5.56
omp_guided,O1,1000000000,10000,2,2,50847534,4.648393,5356.5,24.899,5.56
omp_guided,O1,1000000000,10000,2,3,50847534,4.638611,5378.0,24.946,5.56
omp_guided,O1,1000000000,10000,4,1,50847534,3.922452,7288.5,28.589,4.85
omp_guided,O1,1000000000,10000,4,2,50847534,3.953578,7289.0,28.818,4.96
omp_guided,O1,1000000000,10000,4,3,50847534,3.953673,7359.9,29.099,4.95
omp_guided,O1,1000000000,10000,8,1,50847534,4.036948,7184.6,29.004,5.00
omp_guided,O1,1000000000,10000,8,2,50847534,3.819491,7208.4,27.532,4.78
omp_guided,O1,1000000000,10000,8,3,50847534,3.715109,7447.7,27.669,4.66
omp_guided,O1,1000000000,100000,1,1,50847534,6.275635,3839.2,24.093,7.22
omp_guided,O1,1000000000,100000,1,2,50847534,6.270744,3830.1,24.017,7.21
omp_guided,O1,1000000000,100000,1,3,50847534,6.280449,3827.1,24.036,7.21
omp_guided,O1,1000000000,100000,2,1,50847534,4.713695,5177.5,24.405,5.66
omp_guided,O1,1000000000,100000,2,2,50847534,4.584941,5260.7,24.120,5.55
omp_guided,O1,1000000000,100000,2,3,50847534,4.761761,5237.0,24.937,5.76
omp_guided,O1,1000000000,100000,4,1,50847534,4.498966,6405.0,28.816,5.48
omp_guided,O1,1000000000,100000,4,2,50847534,4.238409,6526.6,27.663,5.05
omp_guided,O1,1000000000,100000,4,3,50847534,4.260593,6596.2,28.104,5.27
omp_guided,O1,1000000000,100000,8,1,50847534,4.454961,6301.9,28.075,5.41
omp_guided,O1,1000000000,100000,8,2,50847534,4.279346,6427.7,27.506,5.19
omp_guided,O1,1000000000,100000,8,3,50847534,4.133640,6544.3,27.052,5.08
omp_guided,O2,1000000000,1000,1,1,50847534,5.969747,3778.8,22.558,7.44
omp_guided,O2,1000000000,1000,1,2,50847534,5.959794,3725.3,22.202,6.90
omp_guided,O2,1000000000,1000,1,3,50847534,5.853404,3770.6,22.071,6.79
omp_guided,O2,1000000000,1000,2,1,50847534,4.159926,5405.3,22.485,5.14
omp_guided,O2,1000000000,1000,2,2,50847534,4.162923,5397.3,22.468,5.14
omp_guided,O2,1000000000,1000,2,3,50847534,4.460094,5241.3,23.377,5.46
omp_guided,O2,1000000000,1000,4,1,50847534,3.332058,7714.6,25.705,4.31
omp_guided,O2,1000000000,1000,4,2,50847534,3.357307,7721.4,25.923,4.31
omp_guided,O2,1000000000,1000,4,3,50847534,3.350586,7740.3,25.934,4.31
omp_guided,O2,1000000000,1000,8,1,50847534,3.303333,7564.1,24.987,4.24
omp_guided,O2,1000000000,1000,8,2,50847534,3.311767,7530.7,24.940,4.22
omp_guided,O2,1000000000,1000,8,3,50847534,3.297332,7558.2,24.922,4.24
omp_guided,O2,1000000000,10000,1,1,50847534,5.863626,3802.5,22.297,6.80
omp_guided,O2,1000000000,10000,1,2,50847534,5.959572,3726.7,22.210,6.90
omp_guided,O2,1000000000,10000,1,3,50847534,5.958062,3713.4,22.124,6.90
omp_guided,O2,1000000000,10000,2,1,50847534,4.507671,5272.4,23.766,5.46
omp_guided,O2,1000000000,10000,2,2,50847534,4.199134,5380.1,22.592,5.14
omp_guided,O2,1000000000,10000,2,3,50847534,4.509177,5207.5,23.481,5.46
omp_guided,O2,1000000000,10000,4,1,50847534,3.531450,7547.8,26.655,4.53
omp_guided,O2,1000000000,10000,4,2,50847534,3.481820,7515.9,26.169,4.42
omp_guided,O2,1000000000,10000,4,3,50847534,3.519996,7486.8,26.354,4.42
omp_guided,O2,1000000000,10000,8,1,50847534,3.658464,7180.9,26.271,4.58
omp_guided,O2,1000000000,10000,8,2,50847534,3.454840,7389.1,25.528,4.45
omp_guided,O2,1000000000,10000,8,3,50847534,3.444543,7373.1,25.397,4.35
omp_guided,O2,1000000000,100000,1,1,50847534,5.959398,3734.2,22.254,6.90
omp_guided,O2,1000000000,100000,1,2,50847534,5.967459,3727.9,22.246,6.90
omp_guided,O2,1000000000,100000,1,3,50847534,5.957400,3717.1,22.144,6.90
omp_guided,O2,1000000000,100000,2,1,50847534,4.663675,4994.4,23.292,5.67
omp_guided,O2,1000000000,100000,2,2,50847534,4.706050,4966.9,23.374,5.67
omp_guided,O2,1000000000,100000,2,3,50847534,4.693700,4980.7,23.378,5.67
omp_guided,O2,1000000000,100000,4,1,50847534,4.195699,6392.8,26.822,5.17
omp_guided,O2,1000000000,100000,4,2,50847534,3.955203,6649.3,26.299,4.95
omp_guided,O2,1000000000,100000,4,3,50847534,4.188823,6398.4,26.802,5.17
omp_guided,O2,1000000000,100000,8,1,50847534,3.951304,6464.3,25.542,4.88
omp_guided,O2,1000000000,100000,8,2,50847534,4.163755,6289.2,26.187,5.09
omp_guided,O2,1000000000,100000,8,3,50847534,3.948515,6528.9,25.779,4.87
omp_guided,O3,1000000000,1000,1,1,50847534,5.961116,3782.7,22.549,7.45
omp_guided,O3,1000000000,1000,1,2,50847534,5.985107,3784.6,22.651,6.90
omp_guided,O3,1000000000,1000,1,3,50847534,5.959293,3701.0,22.055,6.90
omp_guided,O3,1000000000,1000,2,1,50847534,4.156859,5467.2,22.726,5.12
omp_guided,O3,1000000000,1000,2,2,50847534,4.153661,5437.2,22.584,5.12
omp_guided,O3,1000000000,1000,2,3,50847534,4.153532,5451.2,22.642,5.12
omp_guided,O3,1000000000,1000,4,1,50847534,3.358917,7738.8,25.994,4.30
omp_guided,O3,1000000000,1000,4,2,50847534,3.339235,7739.0,25.842,4.31
omp_guided,O3,1000000000,1000,4,3,50847534,3.335688,7766.1,25.905,4.31
omp_guided,O3,1000000000,1000,8,1,50847534,3.321851,7520.8,24.983,4.23
omp_guided,O3,1000000000,1000,8,2,50847534,3.292058,7585.8,24.973,4.23
omp_guided,O3,1000000000,1000,8,3,50847534,3.300195,7561.4,24.954,4.23
omp_guided,O3,1000000000,10000,1,1,50847534,5.967488,3730.7,22.263,6.90
omp_guided,O3,1000000000,10000,1,2,50847534,5.962305,3752.4,22.373,6.90
omp_guided,O3,1000000000,10000,1,3,50847534,5.957522,3712.1,22.115,6.90
omp_guided,O3,1000000000,10000,2,1,50847534,4.505072,5189.8,23.380,5.46
omp_guided,O3,1000000000,10000,2,2,50847534,4.499509,5194.9,23.374,5.45
omp_guided,O3,1000000000,10000,2,3,50847534,4.183542,5388.7,22.544,5.13
omp_guided,O3,1000000000,10000,4,1,50847534,3.662972,7318.7,26.808,4.64
omp_guided,O3,1000000000,10000,4,2,50847534,3.485822,7510.6,26.181,4.42
omp_guided,O3,1000000000,10000,4,3,50847534,3.638912,7391.4,26.897,4.64
omp_guided,O3,1000000000,10000,8,1,50847534,3.444791,7337.6,25.276,4.35
omp_guided,O3,1000000000,10000,8,2,50847534,3.407646,7377.7,25.140,4.34
omp_guided,O3,1000000000,10000,8,3,50847534,3.386838,7413.0,25.107,4.34
omp_guided,O3,1000000000,100000,1,1,50847534,5.969068,3739.6,22.322,6.90
omp_guided,O3,1000000000,100000,1,2,50847534,5.973185,3719.2,22.216,6.90
omp_guided,O3,1000000000,100000,1,3,50847534,5.967507,3723.2,22.218,6.90
omp_guided,O3,1000000000,100000,2,1,50847534,4.705689,4956.0,23.321,5.67
omp_guided,O3,1000000000,100000,2,2,50847534,4.520241,5062.4,22.883,5.46
omp_guided,O3,1000000000,100000,2,3,50847534,4.485814,5085.3,22.812,5.44
omp_guided,O3,1000000000,100000,4,1,50847534,3.970366,6598.0,26.197,4.95
omp_guided,O3,1000000000,100000,4,2,50847534,4.075505,6478.7,26.404,5.06
omp_guided,O3,1000000000,100000,4,3,50847534,3.979034,6669.5,26.538,4.95
omp_guided,O3,1000000000,100000,8,1,50847534,4.142178,6511.6,26.972,5.09
omp_guided,O3,1000000000,100000,8,2,50847534,3.893224,6530.9,25.426,4.87
omp_guided,O3,1000000000,100000,8,3,50847534,3.694442,6650.4,24.570,4.65
omp_static,O0,1000000000,1000,1,1,50847534,10.292596,4863.8,50.061,11.73
omp_static,O0,1000000000,1000,1,2,50847534,10.289445,4790.1,49.288,11.29
omp_static,O0,1000000000,1000,1,3,50847534,10.301962,4789.6,49.342,11.29
omp_static,O0,1000000000,1000,2,1,50847534,7.111440,6962.7,49.514,8.06
omp_static,O0,1000000000,1000,2,2,50847534,7.112713,6937.1,49.341,8.07
omp_static,O0,1000000000,1000,2,3,50847534,7.074908,6949.3,49.166,8.06
omp_static,O0,1000000000,1000,4,1,50847534,6.056044,8787.3,53.216,7.06
omp_static,O0,1000000000,1000,4,2,50847534,6.055277,8828.9,53.461,7.06
omp_static,O0,1000000000,1000,4,3,50847534,6.033678,8862.1,53.471,7.04
omp_static,O0,1000000000,1000,8,1,50847534,5.811864,8405.9,48.854,6.74
omp_static,O0,1000000000,1000,8,2,50847534,5.571603,8697.3,48.458,6.53
omp_static,O0,1000000000,1000,8,3,50847534,5.822213,8412.7,48.981,6.74
omp_static,O0,1000000000,10000,1,1,50847534,10.333208,4870.1,50.324,11.29
omp_static,O0,1000000000,10000,1,2,50847534,10.313980,4780.6,49.307,11.29
omp_static,O0,1000000000,10000,1,3,50847534,10.293952,4780.2,49.207,11.29
omp_static,O0,1000000000,10000,2,1,50847534,7.087734,6912.3,48.993,8.07
omp_static,O0,1000000000,10000,2,2,50847534,7.125518,6923.6,49.334,8.06
omp_static,O0,1000000000,10000,2,3,50847534,7.071355,6956.5,49.192,8.07
omp_static,O0,1000000000,10000,4,1,50847534,5.964180,8815.6,52.578,6.95
omp_static,O0,1000000000,10000,4,2,50847534,5.979295,8839.8,52.856,6.96
omp_static,O0,1000000000,10000,4,3,50847534,6.019896,8826.8,53.137,6.97
omp_static,O0,1000000000,10000,8,1,50847534,5.779655,8383.4,48.453,6.74
omp_static,O0,1000000000,10000,8,2,50847534,5.834618,8360.0,48.777,6.74
omp_static,O0,1000000000,10000,8,3,50847534,5.425574,8795.3,47.720,6.42
omp_static,O0,1000000000,100000,1,1,50847534,10.341750,4818.5,49.832,11.30
omp_static,O0,1000000000,100000,1,2,50847534,10.310744,4792.4,49.413,11.29
omp_static,O0,1000000000,100000,1,3,50847534,10.286873,4796.3,49.339,11.18
omp_static,O0,1000000000,100000,2,1,50847534,7.408564,6601.1,48.904,8.38
omp_static,O0,1000000000,100000,2,2,50847534,7.415462,6615.7,49.058,8.38
omp_static,O0,1000000000,100000,2,3,50847534,7.393775,6660.4,49.245,8.37
omp_static,O0,1000000000,100000,4,1,50847534,6.359396,8221.4,52.283,7.36
omp_static,O0,1000000000,100000,4,2,50847534,5.946583,8937.1,53.145,6.90
omp_static,O0,1000000000,100000,4,3,50847534,6.258560,8386.4,52.487,7.20
omp_static,O0,1000000000,100000,8,1,50847534,6.081095,7717.0,46.928,6.97
omp_static,O0,1000000000,100000,8,2,50847534,6.019989,7701.9,46.366,6.99
omp_static,O0,1000000000,100000,8,3,50847534,6.207075,7568.6,46.979,7.10
omp_static,O1,1000000000,1000,1,1,50847534,6.145965,3911.4,24.039,7.59
omp_static,O1,1000000000,1000,1,2,50847534,6.213030,3808.6,23.663,7.15
omp_static,O1,1000000000,1000,1,3,50847534,6.210752,3808.2,23.652,7.15
omp_static,O1,1000000000,1000,2,1,50847534,4.768650,5257.4,25.071,5.73
omp_static,O1,1000000000,1000,2,2,50847534,4.459596,5440.1,24.261,5.40
omp_static,O1,1000000000,1000,2,3,50847534,4.769327,5271.4,25.141,5.73
omp_static,O1,1000000000,1000,4,1,50847534,4.406962,7034.3,31.000,5.34
omp_static,O1,1000000000,1000,4,2,50847534,4.405349,6939.1,30.569,5.34
omp_static,O1,1000000000,1000,4,3,50847534,4.531108,6918.9,31.350,5.45
omp_static,O1,1000000000,1000,8,1,50847534,4.229876,6865.8,29.042,5.17
omp_static,O1,1000000000,1000,8,2,50847534,4.269312,6830.5,29.161,5.17
omp_static,O1,1000000000,1000,8,3,50847534,4.225086,6871.8,29.034,5.18
omp_static,O1,1000000000,10000,1,1,50847534,6.214308,3806.3,23.654,7.16
omp_static,O1,1000000000,10000,1,2,50847534,6.208978,3805.1,23.626,7.15
omp_static,O1,1000000000,10000,1,3,50847534,6.211706,3803.1,23.623,7.16
omp_static,O1,1000000000,10000,2,1,50847534,4.785380,5209.0,24.927,5.73
omp_static,O1,1000000000,10000,2,2,50847534,4.476772,5381.7,24.093,5.41
omp_static,O1,1000000000,10000,2,3,50847534,4.783695,5222.8,24.984,5.73
omp_static,O1,1000000000,10000,4,1,50847534,4.037868,7105.7,28.692,5.02
omp_static,O1,1000000000,10000,4,2,50847534,4.031684,7135.4,28.768,5.03
omp_static,O1,1000000000,10000,4,3,50847534,4.016949,7145.2,28.702,4.91
omp_static,O1,1000000000,10000,8,1,50847534,4.130345,6818.0,28.161,5.07
omp_static,O1,1000000000,10000,8,2,50847534,4.137096,6835.9,28.281,5.07
omp_static,O1,1000000000,10000,8,3,50847534,4.123990,6835.5,28.190,5.06
omp_static,O1,1000000000,100000,1,1,50847534,6.210966,3807.4,23.647,7.16
omp_static,O1,1000000000,100000,1,2,50847534,6.204279,3804.4,23.603,7.16
omp_static,O1,1000000000,100000,1,3,50847534,6.215907,3799.5,23.617,7.15
omp_static,O1,1000000000,100000,2,1,50847534,4.769590,5088.3,24.269,5.72
omp_static,O1,1000000000,100000,2,2,50847534,4.907231,5021.1,24.640,5.83
omp_static,O1,1000000000,100000,2,3,50847534,4.852823,5071.8,24.612,5.83
omp_static,O1,1000000000,100000,4,1,50847534,4.234622,6530.9,27.656,5.22
omp_static,O1,1000000000,100000,4,2,50847534,4.328765,6468.4,28.000,5.23
omp_static,O1,1000000000,100000,4,3,50847534,4.123214,6629.4,27.334,5.01
omp_static,O1,1000000000,100000,8,1,50847534,4.520619,6154.1,27.820,5.47
omp_static,O1,1000000000,100000,8,2,50847534,4.198874,6363.5,26.720,5.15
omp_static,O1,1000000000,100000,8,3,50847534,4.217199,6380.3,26.907,5.15
omp_static,O2,1000000000,1000,1,1,50847534,5.910172,3742.3,22.118,7.60
omp_static,O2,1000000000,1000,1,2,50847534,5.897684,3674.4,21.670,6.84
omp_static,O2,1000000000,1000,1,3,50847534,5.953446,3878.3,23.089,6.90
omp_static,O2,1000000000,1000,2,1,50847534,4.485006,5165.1,23.166,5.47
omp_static,O2,1000000000,1000,2,2,50847534,4.479358,5189.0,23.244,5.47
omp_static,O2,1000000000,1000,2,3,50847534,4.593751,5233.2,24.040,5.57
omp_static,O2,1000000000,1000,4,1,50847534,4.138670,6907.0,28.586,5.08
omp_static,O2,1000000000,1000,4,2,50847534,3.847482,7148.0,27.502,4.75
omp_static,O2,1000000000,1000,4,3,50847534,4.229325,6878.5,29.091,5.19
omp_static,O2,1000000000,1000,8,1,50847534,3.930743,6848.5,26.920,4.91
omp_static,O2,1000000000,1000,8,2,50847534,3.935924,6847.5,26.951,4.92
omp_static,O2,1000000000,1000,8,3,50847534,3.950775,6868.3,27.135,4.92
omp_static,O2,1000000000,10000,1,1,50847534,5.944608,3742.6,22.248,6.92
omp_static,O2,1000000000,10000,1,2,50847534,5.909273,3687.3,21.789,6.91
omp_static,O2,1000000000,10000,1,3,50847534,5.934124,3664.5,21.746,6.91
omp_static,O2,1000000000,10000,2,1,50847534,4.514952,5120.6,23.119,5.47
omp_static,O2,1000000000,10000,2,2,50847534,4.213965,5290.7,22.295,5.15
omp_static,O2,1000000000,10000,2,3,50847534,4.503993,5129.9,23.105,5.47
omp_static,O2,1000000000,10000,4,1,50847534,3.901348,7027.4,27.416,4.87
omp_static,O2,1000000000,10000,4,2,50847534,4.041267,6923.8,27.981,4.97
omp_static,O2,1000000000,10000,4,3,50847534,3.813545,7094.9,27.057,4.75
omp_static,O2,1000000000,10000,8,1,50847534,4.238008,6597.0,27.958,5.14
omp_static,O2,1000000000,10000,8,2,50847534,3.977449,6739.7,26.807,4.92
omp_static,O2,1000000000,10000,8,3,50847534,4.004239,6760.7,27.071,4.91
omp_static,O2,1000000000,100000,1,1,50847534,5.948927,3668.4,21.823,6.92
omp_static,O2,1000000000,100000,1,2,50847534,5.941002,3654.5,21.711,6.91
omp_static,O2,1000000000,100000,1,3,50847534,5.933601,3670.9,21.782,6.91
omp_static,O2,1000000000,100000,2,1,50847534,4.477049,5005.9,22.412,5.46
omp_static,O2,1000000000,100000,2,2,50847534,4.685416,4890.4,22.913,5.67
omp_static,O2,1000000000,100000,2,3,50847534,4.656759,4916.6,22.895,5.57
omp_static,O2,1000000000,100000,4,1,50847534,4.303834,6232.8,26.825,5.29
omp_static,O2,1000000000,100000,4,2,50847534,4.255055,6277.0,26.709,5.17
omp_static,O2,1000000000,100000,4,3,50847534,4.408553,6190.9,27.293,5.39
omp_static,O2,1000000000,100000,8,1,50847534,4.084813,6244.9,25.509,5.00
omp_static,O2,1000000000,100000,8,2,50847534,3.916176,6341.7,24.835,4.89
omp_static,O2,1000000000,100000,8,3,50847534,4.037733,6291.5,25.404,4.99
omp_static,O3,1000000000,1000,1,1,50847534,5.887435,3751.0,22.084,7.46
omp_static,O3,1000000000,1000,1,2,50847534,5.924949,3663.7,21.707,6.91
omp_static,O3,1000000000,1000,1,3,50847534,5.916571,3666.6,21.694,6.91
omp_static,O3,1000000000,1000,2,1,50847534,4.596269,5115.2,23.511,5.57
omp_static,O3,1000000000,1000,2,2,50847534,4.496052,5161.3,23.206,5.47
omp_static,O3,1000000000,1000,2,3,50847534,4.497497,5183.2,23.311,5.47
omp_static,O3,1000000000,1000,4,1,50847534,4.143991,6904.4,28.612,5.08
omp_static,O3,1000000000,1000,4,2,50847534,3.827134,7158.8,27.398,4.75
omp_static,O3,1000000000,1000,4,3,50847534,4.129467,6955.7,28.723,5.08
omp_static,O3,1000000000,1000,8,1,50847534,3.903285,6867.6,26.806,4.91
omp_static,O3,1000000000,1000,8,2,50847534,3.925220,6858.4,26.921,4.91
omp_static,O3,1000000000,1000,8,3,50847534,3.935563,6854.7,26.977,4.91
omp_static,O3,1000000000,10000,1,1,50847534,5.917471,3682.9,21.794,6.91
omp_static,O3,1000000000,10000,1,2,50847534,5.904624,3763.7,22.223,6.90
omp_static,O3,1000000000,10000,1,3,50847534,5.830096,3725.3,21.719,6.78
omp_static,O3,1000000000,10000,2,1,50847534,4.314755,5348.2,23.076,5.23
omp_static,O3,1000000000,10000,2,2,50847534,4.494166,5147.9,23.136,5.45
omp_static,O3,1000000000,10000,2,3,50847534,4.501764,5128.4,23.087,5.47
omp_static,O3,1000000000,10000,4,1,50847534,4.030113,6909.5,27.846,4.98
omp_static,O3,1000000000,10000,4,2,50847534,4.040481,6922.4,27.970,4.97
omp_static,O3,1000000000,10000,4,3,50847534,3.749054,7172.4,26.890,4.75
omp_static,O3,1000000000,10000,8,1,50847534,3.829223,6844.5,26.209,4.80
omp_static,O3,1000000000,10000,8,2,50847534,4.241863,6590.1,27.954,5.14
omp_static,O3,1000000000,10000,8,3,50847534,3.869375,6833.9,26.443,4.81
omp_static,O3,1000000000,100000,1,1,50847534,5.853027,3693.9,21.620,6.80
omp_static,O3,1000000000,100000,1,2,50847534,5.949576,3663.5,21.796,6.91
omp_static,O3,1000000000,100000,1,3,50847534,5.919791,3675.3,21.757,6.91
omp_static,O3,1000000000,100000,2,1,50847534,4.680170,4891.4,22.892,5.68
omp_static,O3,1000000000,100000,2,2,50847534,4.511717,4992.9,22.527,5.46
omp_static,O3,1000000000,100000,2,3,50847534,4.499010,5002.3,22.505,5.46
omp_static,O3,1000000000,100000,4,1,50847534,4.061549,6437.6,26.146,4.96
omp_static,O3,1000000000,100000,4,2,50847534,3.950152,6516.9,25.743,4.85
omp_static,O3,1000000000,100000,4,3,50847534,3.955445,6530.0,25.829,4.85
omp_static,O3,1000000000,100000,8,1,50847534,4.024157,6279.8,25.271,5.00
omp_static,O3,1000000000,100000,8,2,50847534,4.173179,6165.3,25.729,5.12
omp_static,O3,1000000000,100000,8,3,50847534,3.908279,6349.7,24.816,4.89
serial,O0,1000000000,0,1,1,50847534,9.710300,4215.8,40.937,11.10
serial,O0,1000000000,0,1,2,50847534,9.693945,4176.2,40.484,10.67
serial,O0,1000000000,0,1,3,50847534,9.695404,4191.3,40.637,10.66
serial,O1,1000000000,0,1,1,50847534,5.600770,3466.1,19.413,7.36
serial,O1,1000000000,0,1,2,50847534,5.697994,3379.7,19.257,6.59
serial,O1,1000000000,0,1,3,50847534,5.698678,3380.9,19.267,6.70
serial,O2,1000000000,0,1,1,50847534,5.505421,3418.8,18.822,6.82
serial,O2,1000000000,0,1,2,50847534,5.540613,3353.6,18.581,6.49
serial,O2,1000000000,0,1,3,50847534,5.513315,3368.0,18.569,6.49
serial,O3,1000000000,0,1,1,50847534,5.538297,3420.2,18.942,6.83
serial,O3,1000000000,0,1,2,50847534,5.450866,3372.9,18.385,6.39
serial,O3,1000000000,0,1,3,50847534,5.528858,3339.4,18.463,6.49
